<?xml version="1.0" encoding="UTF-8"?>
<project-private xmlns="http://www.netbeans.org/ns/project-private/1">
    <editor-bookmarks xmlns="http://www.netbeans.org/ns/editor-bookmarks/2" lastBookmarkId="0"/>
    <open-files xmlns="http://www.netbeans.org/ns/projectui-open-files/2">
        <group>
            <file>file:/C:/Users/veda1/Downloads/hostel_management/hostel_management/web/warden_login.jsp</file>
            <file>file:/C:/Users/veda1/Downloads/hostel_management/hostel_management/src/java/adminlogin.java</file>
            <file>file:/C:/Users/veda1/Downloads/hostel_management/hostel_management/web/admin.jsp</file>
            <file>file:/C:/Users/veda1/Downloads/hostel_management/hostel_management/web/index.html</file>
            <file>file:/C:/Users/veda1/Downloads/hostel_management/hostel_management/web/login.jsp</file>
            <file>file:/C:/Users/veda1/Downloads/hostel_management/hostel_management/web/inoutfetch.jsp</file>
            <file>file:/C:/Users/veda1/Downloads/hostel_management/hostel_management/src/java/wardenlog.java</file>
            <file>file:/C:/Users/veda1/Downloads/hostel_management/hostel_management/web/payment.jsp</file>
            <file>file:/C:/Users/veda1/Downloads/hostel_management/hostel_management/web/studentreg.jsp</file>
            <file>file:/C:/Users/veda1/Downloads/hostel_management/hostel_management/web/wardenmenu.jsp</file>
            <file>file:/C:/Users/veda1/Downloads/hostel_management/hostel_management/src/java/studentregg.java</file>
            <file>file:/C:/Users/veda1/Downloads/hostel_management/hostel_management/web/stufetch.jsp</file>
            <file>file:/C:/Users/veda1/Downloads/hostel_management/hostel_management/src/java/studentlogg.java</file>
            <file>file:/C:/Users/veda1/Downloads/hostel_management/hostel_management/web/student_login.jsp</file>
            <file>file:/C:/Users/veda1/Downloads/hostel_management/hostel_management/web/makepayment.jsp</file>
            <file>file:/C:/Users/veda1/Downloads/hostel_management/hostel_management/src/java/studentlog.java</file>
            <file>file:/C:/Users/veda1/Downloads/hostel_management/hostel_management/src/java/database/Dbconfig.java</file>
            <file>file:/C:/Users/veda1/Downloads/hostel_management/hostel_management/src/java/cin.java</file>
        </group>
    </open-files>
</project-private>
